{
    "mse": 861988600.877013,
    "rmse": 29359.642383329756,
    "mae": 22782.39053913463,
    "r2_score": 0.976725524356719
}