Metric,Train,Test
R² Score,0.9336524102677902,0.9333126242841158
RMSE,50373.62132684861,51806.29137745662
MAE,39980.36617532403,41666.08343746454
MSE,2537501725.580737,2683891826.285936
