{
    "mse": 861988600.8770121,
    "rmse": 29359.64238332974,
    "mae": 22782.39053913461,
    "r2_score": 0.976725524356719
}